generator_id,osm_id,generator_type,name,source_layer,original_geometry_type,data_quality_flags,geometry_wkt,lon,lat
gen_0001,12172533321,bus_stop,ספיר/סקיבין,gis_osm_transport_free_1,Point,"[""pilot_boundary_osm_geofabrik_not_official""]",POINT (189751.754038 677890.175522),34.88942299951178,32.19414100062981
gen_0002,12172539113,bus_stop,קניון ערים/ברל כצנלסון,gis_osm_transport_free_1,Point,"[""pilot_boundary_osm_geofabrik_not_official""]",POINT (191018.025076 676096.511524),34.902904999510135,32.17799900063231
gen_0003,12172539116,bus_stop,בי״ס יגאל אלון/שד׳ ששת הימים,gis_osm_transport_free_1,Point,"[""pilot_boundary_osm_geofabrik_not_official""]",POINT (190417.84971 675843.379355),34.89654899951019,32.17570100063215
gen_0004,12172541020,bus_stop,אנצו סירני/הכובשים,gis_osm_transport_free_1,Point,"[""pilot_boundary_osm_geofabrik_not_official""]",POINT (190118.454439 676253.878827),34.89336199951057,32.17939500063159
gen_0005,12172543603,bus_stop,בן גוריון/רוטשילד,gis_osm_transport_free_1,Point,"[""pilot_boundary_osm_geofabrik_not_official""]",POINT (191428.431833 675500.873806),34.9072739995096,32.172638000633135
gen_0006,12172545904,bus_stop,קניון/וייצמן,gis_osm_transport_free_1,Point,"[""pilot_boundary_osm_geofabrik_not_official""]",POINT (193355.615881 675238.242946),34.927713999508754,32.1703160006346
gen_0007,12172547108,bus_stop,בן גוריון/הרצל,gis_osm_transport_free_1,Point,"[""pilot_boundary_osm_geofabrik_not_official""]",POINT (191759.625797 675413.024853),34.91078799950943,32.17185400063343
gen_0008,12172561601,bus_stop,וייצמן/משה דיין,gis_osm_transport_free_1,Point,"[""pilot_boundary_osm_geofabrik_not_official""]",POINT (192504.692516 675535.551573),34.91868399950925,32.17297700063379
gen_0009,12172561701,bus_stop,וייצמן/אלקלעי,gis_osm_transport_free_1,Point,"[""pilot_boundary_osm_geofabrik_not_official""]",POINT (192991.22916 675372.479163),34.92384699950897,32.17151800063425
gen_0010,12484704101,bus_stop,שדרות ששת הימים/הכלנית,gis_osm_transport_free_1,Point,"[""pilot_boundary_osm_geofabrik_not_official""]",POINT (190288.707072 675867.369863),34.895178999510264,32.17591400063207
gen_0011,1802986970,bus_stop,קריית חינוך/אז״ר,gis_osm_transport_free_1,Point,"[""pilot_boundary_osm_geofabrik_not_official""]",POINT (191834.987333 676695.404785),34.91154999951025,32.18342000063226
gen_0012,1802986992,bus_stop,אז״ר/בר אילן,gis_osm_transport_free_1,Point,"[""pilot_boundary_osm_geofabrik_not_official""]",POINT (192096.809757 676635.256844),34.91432799951012,32.182884000632484
gen_0013,1802987060,bus_stop,אז״ר/משה דיין,gis_osm_transport_free_1,Point,"[""pilot_boundary_osm_geofabrik_not_official""]",POINT (192734.211823 676447.923704),34.921091999509756,32.181210000633065
gen_0014,1802987065,bus_stop,אז״ר/פרופ׳ דינור,gis_osm_transport_free_1,Point,"[""pilot_boundary_osm_geofabrik_not_official""]",POINT (192436.632502 676541.418074),34.91793399950993,32.18204600063279
gen_0015,1802987068,bus_stop,אז״ר/תל חי,gis_osm_transport_free_1,Point,"[""pilot_boundary_osm_geofabrik_not_official""]",POINT (192412.478814 676537.37939),34.91767799950993,32.18200900063278
gen_0016,1802987238,bus_stop,אזור תעשיה סנטרל פארק 2000,gis_osm_transport_free_1,Point,"[""pilot_boundary_osm_geofabrik_not_official""]",POINT (194153.912865 674204.369089),34.93620499950778,32.16101100063611
gen_0017,1802987264,bus_stop,אזור תעשיה סנטרל פארק 2000,gis_osm_transport_free_1,Point,"[""pilot_boundary_osm_geofabrik_not_official""]",POINT (194075.314617 674233.508098),34.935370999507825,32.161272000636025
gen_0018,1802987268,bus_stop,אזור תעשיה סנטרל פארק 2000,gis_osm_transport_free_1,Point,"[""pilot_boundary_osm_geofabrik_not_official""]",POINT (193958.147854 674304.883539),34.934126999507896,32.16191300063587
gen_0019,1802987271,bus_stop,אזור תעשיה סנטרל פארק 2000,gis_osm_transport_free_1,Point,"[""pilot_boundary_osm_geofabrik_not_official""]",POINT (193945.307502 674300.258315),34.933990999507905,32.16187100063588
gen_0020,1802987273,bus_stop,אזור תעשיה סנטרל פארק 2000/עתיר ידע,gis_osm_transport_free_1,Point,"[""pilot_boundary_osm_geofabrik_not_official""]",POINT (193638.710196 674474.690505),34.93073599950814,32.16343700063551
gen_0021,1802987276,bus_stop,אזור תעשיה סנטרל פארק 2000/עתיר ידע,gis_osm_transport_free_1,Point,"[""pilot_boundary_osm_geofabrik_not_official""]",POINT (193633.311856 674466.165526),34.930678999508125,32.163360000635535
gen_0022,1802988026,bus_stop,איזור התעשיה כפר סבא,gis_osm_transport_free_1,Point,"[""pilot_boundary_osm_geofabrik_not_official""]",POINT (193281.688325 676123.577391),34.92690599950934,32.17829800063373
gen_0023,1802991065,bus_stop,אנגל/לאה ודוד לונברג,gis_osm_transport_free_1,Point,"[""pilot_boundary_osm_geofabrik_not_official""]",POINT (190160.590569 678009.97079),34.89375499951171,32.19523200062994
gen_0024,1802992658,bus_stop,שד׳ מנחם בגין/טשרניחובסקי,gis_osm_transport_free_1,Point,"[""pilot_boundary_osm_geofabrik_not_official""]",POINT (191067.574308 677120.246908),34.90339999951079,32.18723200063137
gen_0025,1802992660,bus_stop,שד׳ מנחם בגין/משה סנה,gis_osm_transport_free_1,Point,"[""pilot_boundary_osm_geofabrik_not_official""]",POINT (190601.73218 677357.652538),34.89845299951113,32.189361000630846
gen_0026,1802993204,bus_stop,בי״ס בר לב/בן יהודה,gis_osm_transport_free_1,Point,"[""pilot_boundary_osm_geofabrik_not_official""]",POINT (192401.368962 676756.533106),34.91755399951009,32.183985000632575
gen_0027,1802993893,bus_stop,בי״ס תיכון אמנה/תל חי,gis_osm_transport_free_1,Point,"[""pilot_boundary_osm_geofabrik_not_official""]",POINT (191953.045689 675242.533845),34.912843599509245,32.1703213006337
gen_0028,1802996305,bus_stop,בית אבות בית בכפר הדרים/בן יהודה,gis_osm_transport_free_1,Point,"[""pilot_boundary_osm_geofabrik_not_official""]",POINT (193593.247377 676696.758705),34.930193999509626,32.18347400063339
gen_0029,1802996767,bus_stop,בי״ח מאיר/טשרניחובסקי,gis_osm_transport_free_1,Point,"[""pilot_boundary_osm_geofabrik_not_official""]",POINT (190523.23878 676452.545646),34.89764799951055,32.18119700063167
gen_0030,1802996768,bus_stop,בי״ח מאיר/טשרניחובסקי,gis_osm_transport_free_1,Point,"[""pilot_boundary_osm_geofabrik_not_official""]",POINT (190536.2088 676436.872768),34.89778599951055,32.18105600063167
gen_0031,1802997011,bus_stop,בית משפט/טשרניחובסקי,gis_osm_transport_free_1,Point,"[""pilot_boundary_osm_geofabrik_not_official""]",POINT (189986.836139 675845.508878),34.89197899951034,32.17570900063188
gen_0032,1802998071,bus_stop,בית ספר רמז/דרך אלי הורוביץ,gis_osm_transport_free_1,Point,"[""pilot_boundary_osm_geofabrik_not_official""]",POINT (194446.774543 676258.589478),34.939255999509,32.17954200063435
gen_0033,1803000247,bus_stop,דרך המוביל/בקעת בית נטופה,gis_osm_transport_free_1,Point,"[""pilot_boundary_osm_geofabrik_not_official""]",POINT (193649.407764 676604.35303),34.93079199950953,32.18264200063351
gen_0034,1803000260,bus_stop,אצטדיון לויטה/דרך הפועל,gis_osm_transport_free_1,Point,"[""pilot_boundary_osm_geofabrik_not_official""]",POINT (193384.961607 676564.664156),34.92798899950961,32.182278000633374
gen_0035,1803000264,bus_stop,בן יהודה/דרך הפועל,gis_osm_transport_free_1,Point,"[""pilot_boundary_osm_geofabrik_not_official""]",POINT (193460.942983 676663.052774),34.92879199950965,32.18316700063334
gen_0036,1803000282,bus_stop,בן יהודה/חטיבת הנח״ל,gis_osm_transport_free_1,Point,"[""pilot_boundary_osm_geofabrik_not_official""]",POINT (193966.046092 676698.47669),34.93414699950949,32.183498000633634
gen_0037,1803000287,bus_stop,בן יהודה/חטיבת הנח״ל,gis_osm_transport_free_1,Point,"[""pilot_boundary_osm_geofabrik_not_official""]",POINT (193936.197089 676716.849006),34.9338299995095,32.18366300063359
gen_0038,1803000312,bus_stop,מרכז דוד/בן יהודה,gis_osm_transport_free_1,Point,"[""pilot_boundary_osm_geofabrik_not_official""]",POINT (194305.639763 676696.631174),34.93774799950936,32.18348900063384
gen_0039,1803000358,bus_stop,בן יהודה/טשרניחובסקי,gis_osm_transport_free_1,Point,"[""pilot_boundary_osm_geofabrik_not_official""]",POINT (191201.403415 677057.218756),34.90482099951069,32.186667000631516
gen_0040,1803002009,bus_stop,בר אילן/נחל הדס,gis_osm_transport_free_1,Point,"[""pilot_boundary_osm_geofabrik_not_official""]",POINT (191992.443303 676507.679416),34.91322499951006,32.18173100063253
gen_0041,1803002904,bus_stop,קניון ערים/ברל כצנלסון,gis_osm_transport_free_1,Point,"[""pilot_boundary_osm_geofabrik_not_official""]",POINT (191058.408288 676170.142164),34.90333099951017,32.17866400063225
gen_0042,1803003012,bus_stop,תיכון גלילי/אשר ברש,gis_osm_transport_free_1,Point,"[""pilot_boundary_osm_geofabrik_not_official""]",POINT (191472.83649 676861.960233),34.90770499951048,32.184913000631866
gen_0043,1803003013,bus_stop,תיכון גלילי/אשר ברש,gis_osm_transport_free_1,Point,"[""pilot_boundary_osm_geofabrik_not_official""]",POINT (191466.750126 676877.723813),34.90763999951051,32.18505500063185
gen_0044,1803003390,bus_stop,דוד רמז/טשרניחובסקי,gis_osm_transport_free_1,Point,"[""pilot_boundary_osm_geofabrik_not_official""]",POINT (191172.769327 677204.786196),34.90451299951082,32.187997000631356
gen_0045,1803004989,bus_stop,ד״ר משה סנה/ברקן,gis_osm_transport_free_1,Point,"[""pilot_boundary_osm_geofabrik_not_official""]",POINT (190388.250181 677033.899844),34.89619899951099,32.186436000631026
gen_0046,1803004990,bus_stop,מדרשית נעם/ד״ר משה סנה,gis_osm_transport_free_1,Point,"[""pilot_boundary_osm_geofabrik_not_official""]",POINT (190422.97431 676876.221423),34.89657199951087,32.18501500063118
gen_0047,1803006707,bus_stop,דוד רמז/האחווה,gis_osm_transport_free_1,Point,"[""pilot_boundary_osm_geofabrik_not_official""]",POINT (191003.881154 677409.079849),34.90271599951101,32.18983500063105
gen_0048,1803006717,bus_stop,דוד רמז/ויתקין,gis_osm_transport_free_1,Point,"[""pilot_boundary_osm_geofabrik_not_official""]",POINT (190816.542332 677522.052629),34.900725999511145,32.19084900063083
gen_0049,1803006721,bus_stop,דוד רמז/ויתקין,gis_osm_transport_free_1,Point,"[""pilot_boundary_osm_geofabrik_not_official""]",POINT (190729.594218 677553.903036),34.899802999511216,32.19113400063074
gen_0050,1803006837,bus_stop,דוכיפת/דרך המוביל,gis_osm_transport_free_1,Point,"[""pilot_boundary_osm_geofabrik_not_official""]",POINT (193637.516677 676749.319965),34.93066199950964,32.183949000633355
gen_0051,1803006839,bus_stop,דרך המוביל/דוכיפת,gis_osm_transport_free_1,Point,"[""pilot_boundary_osm_geofabrik_not_official""]",POINT (193645.387407 676803.415557),34.93074399950967,32.18443700063332
gen_0052,1803009762,bus_stop,דרך המוביל/העגורים,gis_osm_transport_free_1,Point,"[""pilot_boundary_osm_geofabrik_not_official""]",POINT (193640.057273 676932.397296),34.93068399950977,32.1856000006332
gen_0053,1803009763,bus_stop,דרך המוביל/העגורים,gis_osm_transport_free_1,Point,"[""pilot_boundary_osm_geofabrik_not_official""]",POINT (193653.79649 676957.978554),34.930828999509785,32.185831000633186
gen_0054,1803010017,bus_stop,דרך הפועל/דרך אלי הורוביץ,gis_osm_transport_free_1,Point,"[""pilot_boundary_osm_geofabrik_not_official""]",POINT (194102.927058 675884.847863),34.9356199995089,32.17616400063449
gen_0055,1803011413,bus_stop,דרך קדומים/חטיבת הנח״ל,gis_osm_transport_free_1,Point,"[""pilot_boundary_osm_geofabrik_not_official""]",POINT (193991.60145 676509.895105),34.934422999509366,32.181798000633805
gen_0056,1803011422,bus_stop,דרך קדומים/חטיבת יפתח,gis_osm_transport_free_1,Point,"[""pilot_boundary_osm_geofabrik_not_official""]",POINT (193864.264577 676539.158441),34.93307199950942,32.18205900063371
gen_0057,1803017776,bus_stop,מרכז פיס למדעים ואומנויות/בן יהודה,gis_osm_transport_free_1,Point,"[""pilot_boundary_osm_geofabrik_not_official""]",POINT (192679.674856 676659.5288),34.92050779950991,32.18311690063284
gen_0058,1803017983,bus_stop,בי״ס גורדון/הגליל,gis_osm_transport_free_1,Point,"[""pilot_boundary_osm_geofabrik_not_official""]",POINT (192461.64556 676088.576588),34.918211999509595,32.17796300063323
gen_0059,1803018044,bus_stop,הגליל/נעורים,gis_osm_transport_free_1,Point,"[""pilot_boundary_osm_geofabrik_not_official""]",POINT (192417.557575 675930.450135),34.91774899950953,32.176536000633355
gen_0060,1803021045,bus_stop,הזמיר/הנשר,gis_osm_transport_free_1,Point,"[""pilot_boundary_osm_geofabrik_not_official""]",POINT (193408.744908 676902.160373),34.92823199950982,32.18532200063308
gen_0061,1803023812,bus_stop,הכרמל/העבודה,gis_osm_transport_free_1,Point,"[""pilot_boundary_osm_geofabrik_not_official""]",POINT (191468.694052 676146.491073),34.907681999510004,32.17846100063253
gen_0062,1803023851,bus_stop,הכרמל/משעול השיר,gis_osm_transport_free_1,Point,"[""pilot_boundary_osm_geofabrik_not_official""]",POINT (191832.753177 676047.907938),34.911544999509815,32.17758100063289
gen_0063,1803023855,bus_stop,הכרמל/תל חי,gis_osm_transport_free_1,Point,"[""pilot_boundary_osm_geofabrik_not_official""]",POINT (192102.195814 675974.43249),34.91440399950966,32.176925000633105
gen_0064,1803026473,bus_stop,מרכז דוד/הנביאים,gis_osm_transport_free_1,Point,"[""pilot_boundary_osm_geofabrik_not_official""]",POINT (194376.313648 676750.239132),34.93849599950938,32.183974000633846
gen_0065,1803027002,bus_stop,מרכז דוד/הנביאים,gis_osm_transport_free_1,Point,"[""pilot_boundary_osm_geofabrik_not_official""]",POINT (194364.580301 676772.44666),34.9383709995094,32.18417400063381
gen_0066,1803027031,bus_stop,הנביאים/ישעיהו,gis_osm_transport_free_1,Point,"[""pilot_boundary_osm_geofabrik_not_official""]",POINT (194421.498693 677099.217463),34.93896599950959,32.187122000633536
gen_0067,1803027064,bus_stop,הנביאים/ישעיהו,gis_osm_transport_free_1,Point,"[""pilot_boundary_osm_geofabrik_not_official""]",POINT (194402.809855 677092.388257),34.93876799950959,32.18706000063352
gen_0068,1803034417,bus_stop,השחר/השלום,gis_osm_transport_free_1,Point,"[""pilot_boundary_osm_geofabrik_not_official""]",POINT (191664.77246 676354.43061),34.909754999510085,32.18034100063247
gen_0069,1803034421,bus_stop,השחר/פינס,gis_osm_transport_free_1,Point,"[""pilot_boundary_osm_geofabrik_not_official""]",POINT (191711.742742 676528.292881),34.910247999510176,32.181910000632335
gen_0070,1803034624,bus_stop,דרך הפועל/דרך אלי הורוביץ,gis_osm_transport_free_1,Point,"[""pilot_boundary_osm_geofabrik_not_official""]",POINT (194075.003014 675882.034455),34.93532399950892,32.176138000634474
gen_0071,1803035186,bus_stop,התע״ש/גלגלי הפלדה,gis_osm_transport_free_1,Point,"[""pilot_boundary_osm_geofabrik_not_official""]",POINT (193175.547801 675598.442765),34.92579499950905,32.17356000063417
gen_0072,1803035187,bus_stop,התע״ש/גלגלי הפלדה,gis_osm_transport_free_1,Point,"[""pilot_boundary_osm_geofabrik_not_official""]",POINT (193209.340608 675645.484643),34.92615199950907,32.17398500063414
gen_0073,1803035190,bus_stop,ויצמן/התע״ש,gis_osm_transport_free_1,Point,"[""pilot_boundary_osm_geofabrik_not_official""]",POINT (193063.596573 675309.414704),34.92461599950888,32.17095100063435
gen_0074,1803035191,bus_stop,התע״ש/יד חרוצים,gis_osm_transport_free_1,Point,"[""pilot_boundary_osm_geofabrik_not_official""]",POINT (193348.865236 676060.639147),34.92761999950929,32.17773200063382
gen_0075,1803035192,bus_stop,התע״ש/יד חרוצים,gis_osm_transport_free_1,Point,"[""pilot_boundary_osm_geofabrik_not_official""]",POINT (193355.058173 676048.314142),34.92768599950928,32.177621000633856
gen_0076,1803035194,bus_stop,התע״ש/יוחנן הסנדלר,gis_osm_transport_free_1,Point,"[""pilot_boundary_osm_geofabrik_not_official""]",POINT (193259.225117 675788.185343),34.926676999509134,32.17527300063403
gen_0077,1803035196,bus_stop,התע״ש/יוחנן הסנדלר,gis_osm_transport_free_1,Point,"[""pilot_boundary_osm_geofabrik_not_official""]",POINT (193294.397912 675858.733166),34.92704799950918,32.17591000063399
gen_0078,1803035364,bus_stop,קניון ערים/וייצמן,gis_osm_transport_free_1,Point,"[""pilot_boundary_osm_geofabrik_not_official""]",POINT (191105.42266 675927.033485),34.90383669950999,32.176472900632525
gen_0079,1803035371,bus_stop,ביטוח לאומי/ויצמן,gis_osm_transport_free_1,Point,"[""pilot_boundary_osm_geofabrik_not_official""]",POINT (190772.766542 676013.588581),34.900306999510164,32.177245000632226
gen_0080,1803035373,bus_stop,וייצמן/גורדון,gis_osm_transport_free_1,Point,"[""pilot_boundary_osm_geofabrik_not_official""]",POINT (190716.258823 676008.647382),34.899707999510184,32.1771990006322
gen_0081,1803035375,bus_stop,וייצמן/נורדאו,gis_osm_transport_free_1,Point,"[""pilot_boundary_osm_geofabrik_not_official""]",POINT (192658.481379 675483.468453),34.92031599950914,32.17251100063394
gen_0082,1803035397,bus_stop,וייצמן/התע״ש,gis_osm_transport_free_1,Point,"[""pilot_boundary_osm_geofabrik_not_official""]",POINT (192988.334781 675383.797744),34.92381599950897,32.171620000634235
gen_0083,1803035405,bus_stop,וייצמן/המעפילים,gis_osm_transport_free_1,Point,"[""pilot_boundary_osm_geofabrik_not_official""]",POINT (190606.057989 676059.970781),34.89853799951027,32.177659000632076
gen_0084,1803035410,bus_stop,וייצמן/ירושלים,gis_osm_transport_free_1,Point,"[""pilot_boundary_osm_geofabrik_not_official""]",POINT (191343.115902 675856.520915),34.90635899950987,32.17584300063274
gen_0085,1803035432,bus_stop,קניון ערים/וייצמן,gis_osm_transport_free_1,Point,"[""pilot_boundary_osm_geofabrik_not_official""]",POINT (191032.001108 675924.388912),34.90305829951002,32.17644720063248
gen_0086,1803035445,bus_stop,וייצמן/רוטשילד,gis_osm_transport_free_1,Point,"[""pilot_boundary_osm_geofabrik_not_official""]",POINT (191641.723621 675759.332385),34.9095278995097,32.17497400063303
gen_0087,1803035446,bus_stop,וייצמן/רוטשילד,gis_osm_transport_free_1,Point,"[""pilot_boundary_osm_geofabrik_not_official""]",POINT (191659.688426 675772.257614),34.9097179995097,32.17509100063302
gen_0088,1803035458,bus_stop,תחנה מרכזית כפ״ס/ויצמן,gis_osm_transport_free_1,Point,"[""pilot_boundary_osm_geofabrik_not_official""]",POINT (192141.478386 675641.870502),34.91482999950944,32.173927000633476
gen_0089,1803035484,bus_stop,ויצמן/זאב גלר,gis_osm_transport_free_1,Point,"[""pilot_boundary_osm_geofabrik_not_official""]",POINT (190477.085734 676076.7504),34.89716999951032,32.177807000631965
gen_0090,1803035487,bus_stop,תחנה מרכזית כפ״ס/ויצמן,gis_osm_transport_free_1,Point,"[""pilot_boundary_osm_geofabrik_not_official""]",POINT (192132.1781 675620.60415),34.914731999509435,32.173735000633485
gen_0091,1803035510,bus_stop,ויצמן/גייסות השריון,gis_osm_transport_free_1,Point,"[""pilot_boundary_osm_geofabrik_not_official""]",POINT (192650.515352 675502.784791),34.92023099950918,32.172685000633926
gen_0092,1803035522,bus_stop,קניון ג׳י/וייצמן,gis_osm_transport_free_1,Point,"[""pilot_boundary_osm_geofabrik_not_official""]",POINT (193163.616508 675288.861821),34.92567699950885,32.17076800063445
gen_0093,1803035562,bus_stop,ויצמן/ירושלים,gis_osm_transport_free_1,Point,"[""pilot_boundary_osm_geofabrik_not_official""]",POINT (191352.211273 675837.322369),34.906455999509845,32.17567010063274
gen_0094,1803036303,bus_stop,זמיר/הנשר,gis_osm_transport_free_1,Point,"[""pilot_boundary_osm_geofabrik_not_official""]",POINT (193377.572835 676808.75791),34.92790399950976,32.18447900063313
gen_0095,1803036325,bus_stop,זמיר/נחליאלי,gis_osm_transport_free_1,Point,"[""pilot_boundary_osm_geofabrik_not_official""]",POINT (193422.922636 677024.882212),34.92837899950991,32.18642900063296
gen_0096,1803036990,bus_stop,בי״ס הדמוקרטי/תרי עשר,gis_osm_transport_free_1,Point,"[""pilot_boundary_osm_geofabrik_not_official""]",POINT (194131.163923 677486.510023),34.935876999509944,32.190608000632984
gen_0097,1803040828,bus_stop,טירת צבי/הגליל,gis_osm_transport_free_1,Point,"[""pilot_boundary_osm_geofabrik_not_official""]",POINT (192424.292358 676405.163774),34.91780699950985,32.180817000632935
gen_0098,1803041723,bus_stop,טשרניחובסקי/שד׳ מנחם בגין,gis_osm_transport_free_1,Point,"[""pilot_boundary_osm_geofabrik_not_official""]",POINT (191069.89737 677040.508361),34.90342699951075,32.18651300063145
gen_0099,1803041729,bus_stop,טשרניחובסקי/בן יהודה,gis_osm_transport_free_1,Point,"[""pilot_boundary_osm_geofabrik_not_official""]",POINT (191099.221596 677038.984741),34.903737999510746,32.18650000063146
gen_0100,1803041738,bus_stop,מכבי אש/טשרניחובסקי,gis_osm_transport_free_1,Point,"[""pilot_boundary_osm_geofabrik_not_official""]",POINT (190358.629888 676274.478728),34.89590799951049,32.1795870006317
gen_0101,1803041780,bus_stop,טשרניחובסקי/ויצמן,gis_osm_transport_free_1,Point,"[""pilot_boundary_osm_geofabrik_not_official""]",POINT (190196.869839 676072.453386),34.89419899951044,32.177761000631804
gen_0102,1803041782,bus_stop,טשרניחובסקי/ויצמן,gis_osm_transport_free_1,Point,"[""pilot_boundary_osm_geofabrik_not_official""]",POINT (190182.769403 676088.573522),34.894048999510424,32.17790600063178
gen_0103,1803041832,bus_stop,טשרניחובסקי/כנפי נשרים,gis_osm_transport_free_1,Point,"[""pilot_boundary_osm_geofabrik_not_official""]",POINT (191328.869409 677317.57389),34.90616499951083,32.18901800063134
gen_0104,1803041839,bus_stop,טשרניחובסקי/כנפי נשרים,gis_osm_transport_free_1,Point,"[""pilot_boundary_osm_geofabrik_not_official""]",POINT (191316.384356 677338.123719),34.906031999510844,32.18920300063131
gen_0105,1803041861,bus_stop,טשרניחובסקי/סמילנסקי,gis_osm_transport_free_1,Point,"[""pilot_boundary_osm_geofabrik_not_official""]",POINT (190805.52112 676724.873927),34.90063299951063,32.183660000631576
gen_0106,1803041865,bus_stop,טשרניחובסקי/לילנבלום,gis_osm_transport_free_1,Point,"[""pilot_boundary_osm_geofabrik_not_official""]",POINT (190663.23746 676600.85483),34.8991279995106,32.18253800063159
gen_0107,1803042067,bus_stop,יבנה/חברון,gis_osm_transport_free_1,Point,"[""pilot_boundary_osm_geofabrik_not_official""]",POINT (192177.84532 676399.169743),34.91519399950993,32.18075700063276
gen_0108,1803046457,bus_stop,ישעיהו/בת יפתח,gis_osm_transport_free_1,Point,"[""pilot_boundary_osm_geofabrik_not_official""]",POINT (194293.212496 677427.555379),34.93759699950985,32.190080000633145
gen_0109,1803046507,bus_stop,משה דיין/רעם,gis_osm_transport_free_1,Point,"[""pilot_boundary_osm_geofabrik_not_official""]",POINT (192598.944718 675653.402336),34.91967999950927,32.174042000633726
gen_0110,1803047092,bus_stop,קניון ג׳י/כביש 55,gis_osm_transport_free_1,Point,"[""pilot_boundary_osm_geofabrik_not_official""]",POINT (193493.207148 675266.500354),34.92917199950872,32.170574000634694
gen_0111,1803049106,bus_stop,אנגל/אנצ׳יקובסקי,gis_osm_transport_free_1,Point,"[""pilot_boundary_osm_geofabrik_not_official""]",POINT (190155.258728 678282.650494),34.89369009951189,32.19769080062969
gen_0112,1803049524,bus_stop,מרכז גלר/לוי אשכול,gis_osm_transport_free_1,Point,"[""pilot_boundary_osm_geofabrik_not_official""]",POINT (194542.37015 676551.443238),34.94026199950918,32.182185000634135
gen_0113,1803049529,bus_stop,מרכז גלר/לוי אשכול,gis_osm_transport_free_1,Point,"[""pilot_boundary_osm_geofabrik_not_official""]",POINT (194485.077368 676570.324915),34.939653999509225,32.18235400063406
gen_0114,1803054428,bus_stop,מטווח עירוני/בן יהודה,gis_osm_transport_free_1,Point,"[""pilot_boundary_osm_geofabrik_not_official""]",POINT (192910.481792 676666.584993),34.922954999509834,32.18318600063298
gen_0115,1803054559,bus_stop,טשרניחובסקי/גולומב,gis_osm_transport_free_1,Point,"[""pilot_boundary_osm_geofabrik_not_official""]",POINT (190352.153026 676239.111372),34.89584039951047,32.17926790063174
gen_0116,1803061484,bus_stop,מרכז מסחרי/רמז,gis_osm_transport_free_1,Point,"[""pilot_boundary_osm_geofabrik_not_official""]",POINT (190937.658195 677467.595562),34.90201199951108,32.190361000630965
gen_0117,1803062397,bus_stop,זמנהוף/משה דיין,gis_osm_transport_free_1,Point,"[""pilot_boundary_osm_geofabrik_not_official""]",POINT (192665.523731 676078.943114),34.920373999509536,32.17788100063337
gen_0118,1803062453,bus_stop,מדרשית נעם/ד״ר משה סנה,gis_osm_transport_free_1,Point,"[""pilot_boundary_osm_geofabrik_not_official""]",POINT (190382.21508 676902.398006),34.8961389995109,32.18525000063114
gen_0119,1803062458,bus_stop,בי״ח מאיר/ד״ר משה סנה,gis_osm_transport_free_1,Point,"[""pilot_boundary_osm_geofabrik_not_official""]",POINT (190558.615035 676654.824456),34.89801699951068,32.18302200063148
gen_0120,1803063341,bus_stop,כביש 55/דרך המוביל,gis_osm_transport_free_1,Point,"[""pilot_boundary_osm_geofabrik_not_official""]",POINT (193663.721585 675482.860379),34.93097399950878,32.17252900063457
gen_0121,1803063581,bus_stop,נורדאו/רופין,gis_osm_transport_free_1,Point,"[""pilot_boundary_osm_geofabrik_not_official""]",POINT (192501.080306 675240.80876),34.91865399950905,32.170319000634066
gen_0122,1803063627,bus_stop,נורדאו/שועלי שמשון,gis_osm_transport_free_1,Point,"[""pilot_boundary_osm_geofabrik_not_official""]",POINT (192516.61849 675338.131158),34.91881599950911,32.17119700063397
gen_0123,1803064319,bus_stop,נחליאלי/עפרוני,gis_osm_transport_free_1,Point,"[""pilot_boundary_osm_geofabrik_not_official""]",POINT (193545.572716 677083.452245),34.9296779995099,32.186960000632986
gen_0124,1803064883,bus_stop,סוקולוב/שד׳ ששת הימים,gis_osm_transport_free_1,Point,"[""pilot_boundary_osm_geofabrik_not_official""]",POINT (190955.092739 675751.478788),34.902247999509925,32.17488600063258
gen_0125,1803064894,bus_stop,סוקולוב/ששת הימים,gis_osm_transport_free_1,Point,"[""pilot_boundary_osm_geofabrik_not_official""]",POINT (190902.703046 675601.58813),34.90169699950985,32.173533000632695
gen_0126,1803065205,bus_stop,ד״ר משה סנה/אהוד מנור,gis_osm_transport_free_1,Point,"[""pilot_boundary_osm_geofabrik_not_official""]",POINT (190456.255948 677137.279311),34.89691699951102,32.18737000063098
gen_0127,1803067107,bus_stop,עמק החולה/עמק איילון,gis_osm_transport_free_1,Point,"[""pilot_boundary_osm_geofabrik_not_official""]",POINT (194060.376329 676142.668411),34.93516199950909,32.178488000634225
gen_0128,1803067142,bus_stop,עמק החולה/משעול עמק חפר,gis_osm_transport_free_1,Point,"[""pilot_boundary_osm_geofabrik_not_official""]",POINT (194047.510777 676232.501383),34.93502319950916,32.17929780063412
gen_0129,1803067144,bus_stop,עמק החולה/עמק זבולון,gis_osm_transport_free_1,Point,"[""pilot_boundary_osm_geofabrik_not_official""]",POINT (194057.131372 676428.779285),34.935119999509276,32.181068000633935
gen_0130,1803077550,bus_stop,קאנטרי קלאב/בן יהודה,gis_osm_transport_free_1,Point,"[""pilot_boundary_osm_geofabrik_not_official""]",POINT (193296.022186 676671.682712),34.927042999509716,32.18324100063324
gen_0131,1803077577,bus_stop,קאנטרי קלאב/הזמיר,gis_osm_transport_free_1,Point,"[""pilot_boundary_osm_geofabrik_not_official""]",POINT (193405.282417 676728.954886),34.928199999509715,32.183760000633235
gen_0132,1803077909,bus_stop,קדומים/המוביל,gis_osm_transport_free_1,Point,"[""pilot_boundary_osm_geofabrik_not_official""]",POINT (193738.057888 676582.426255),34.93173259950949,32.182446300633586
gen_0133,1803080757,bus_stop,קניון ג׳י/וייצמן,gis_osm_transport_free_1,Point,"[""pilot_boundary_osm_geofabrik_not_official""]",POINT (193258.089615 675238.605064),34.92667999950878,32.17031700063454
gen_0134,1803081717,bus_stop,קריית חינוך/אז״ר,gis_osm_transport_free_1,Point,"[""pilot_boundary_osm_geofabrik_not_official""]",POINT (191683.19871 676746.497179),34.90993899951033,32.18387700063211
gen_0135,1803081722,bus_stop,ויצמן/זאב גלר,gis_osm_transport_free_1,Point,"[""pilot_boundary_osm_geofabrik_not_official""]",POINT (190477.611127 676095.600689),34.89717499951032,32.17797700063196
gen_0136,1803083025,bus_stop,רוטשילד/הכרמל,gis_osm_transport_free_1,Point,"[""pilot_boundary_osm_geofabrik_not_official""]",POINT (191610.665765 676055.057559),34.909189999509906,32.177640000632714
gen_0137,1803083150,bus_stop,רופין/תל חי,gis_osm_transport_free_1,Point,"[""pilot_boundary_osm_geofabrik_not_official""]",POINT (192049.508309 675323.302161),34.91386399950925,32.17105200063369
gen_0138,1803084179,bus_stop,רמז/מרכז הנוער,gis_osm_transport_free_1,Point,"[""pilot_boundary_osm_geofabrik_not_official""]",POINT (190451.587088 677582.195709),34.896853999511315,32.19138200063052
gen_0139,1803084358,bus_stop,קניון כפר סבא הירוקה/רפופורט,gis_osm_transport_free_1,Point,"[""pilot_boundary_osm_geofabrik_not_official""]",POINT (189991.61201 677717.147785),34.89197199951158,32.192587000630105
gen_0140,1803086658,bus_stop,שד. מנחם בגין/דוד רמז,gis_osm_transport_free_1,Point,"[""pilot_boundary_osm_geofabrik_not_official""]",POINT (190334.495146 677493.151367),34.895614999511324,32.19057600063055
gen_0141,1803086660,bus_stop,שד׳ מנחם בגין/משה סנה,gis_osm_transport_free_1,Point,"[""pilot_boundary_osm_geofabrik_not_official""]",POINT (190704.161022 677264.211525),34.89954199951103,32.188521000631
gen_0142,1803093419,bus_stop,וייצמן/הגליל,gis_osm_transport_free_1,Point,"[""pilot_boundary_osm_geofabrik_not_official""]",POINT (192248.452142 675613.638241),34.9159649995094,32.17367500063355
gen_0143,1803093422,bus_stop,תחנה מרכזית כפ״ס/רציפים,gis_osm_transport_free_1,Point,"[""pilot_boundary_osm_geofabrik_not_official""]",POINT (192155.60097 675667.670488),34.91497899950946,32.17416000063343
gen_0144,1803093574,bus_stop,תחנת רכבת נורדאו,gis_osm_transport_free_1,Point,"[""pilot_boundary_osm_geofabrik_not_official""]",POINT (192385.964363 674940.929045),34.917441999508895,32.16761200063425
gen_0145,1803093577,bus_stop,ת. רכבת סוקולוב,gis_osm_transport_free_1,Point,"[""pilot_boundary_osm_geofabrik_not_official""]",POINT (190932.916552 675243.763253),34.90202799950962,32.17030700063306
gen_0146,1803094273,bus_stop,תיכון רבין/החי״ש,gis_osm_transport_free_1,Point,"[""pilot_boundary_osm_geofabrik_not_official""]",POINT (191961.833582 676801.073793),34.912891999510265,32.18437600063224
gen_0147,1803094502,bus_stop,תל חי/הבנים,gis_osm_transport_free_1,Point,"[""pilot_boundary_osm_geofabrik_not_official""]",POINT (192047.230917 675562.725451),34.91383299950942,32.17321100063345
gen_0148,1803094517,bus_stop,תל חי/הבנים,gis_osm_transport_free_1,Point,"[""pilot_boundary_osm_geofabrik_not_official""]",POINT (192045.432927 675595.443632),34.91381299950944,32.173506000633445
gen_0149,1803094968,bus_stop,תע״ש/ויצמן,gis_osm_transport_free_1,Point,"[""pilot_boundary_osm_geofabrik_not_official""]",POINT (193061.667428 675401.793164),34.92459299950897,32.17178400063428
gen_0150,1803095183,bus_stop,תרי עשר/אלישע,gis_osm_transport_free_1,Point,"[""pilot_boundary_osm_geofabrik_not_official""]",POINT (194497.242189 677566.554299),34.939756999509875,32.19133800063315
gen_0151,1803095188,bus_stop,תרי עשר/גדעון,gis_osm_transport_free_1,Point,"[""pilot_boundary_osm_geofabrik_not_official""]",POINT (194266.471689 677633.660419),34.93730799951,32.19193800063293
gen_0152,3979292201,bus_stop,מחלף נווה ימין,gis_osm_transport_free_1,Point,"[""pilot_boundary_osm_geofabrik_not_official""]",POINT (194276.854058 675904.730363),34.93746359950885,32.17634720063458
gen_0153,5210713957,bus_stop,השמחה/ד״ר משה סנה,gis_osm_transport_free_1,Point,"[""pilot_boundary_osm_geofabrik_not_official""]",POINT (190264.90054 676935.559222),34.894893999510955,32.18554600063103
gen_0154,5210713958,bus_stop,משה וילנסקי/ג׳ו עמר,gis_osm_transport_free_1,Point,"[""pilot_boundary_osm_geofabrik_not_official""]",POINT (190032.208941 677051.338445),34.892422999511126,32.186584000630766
gen_0155,5210713959,bus_stop,נעמי שמר/יאיר רוזנבלום,gis_osm_transport_free_1,Point,"[""pilot_boundary_osm_geofabrik_not_official""]",POINT (189911.057644 677190.861409),34.891133999511254,32.18783900063056
gen_0156,5210713960,bus_stop,בי״ס רחל המשוררת/נעמי שמר,gis_osm_transport_free_1,Point,"[""pilot_boundary_osm_geofabrik_not_official""]",POINT (189865.179259 677465.566559),34.89063899951146,32.190315000630264
gen_0157,5210713961,bus_stop,אנגל/ויינברג,gis_osm_transport_free_1,Point,"[""pilot_boundary_osm_geofabrik_not_official""]",POINT (190062.453904 678278.616425),34.892705999511925,32.19765200062964
gen_0158,5210713962,bus_stop,דמרי סנטר/שלמה וחיה אנגל,gis_osm_transport_free_1,Point,"[""pilot_boundary_osm_geofabrik_not_official""]",POINT (189835.352651 678295.467691),34.890296999511996,32.197798000629454
gen_0159,5210714009,bus_stop,ספיר/רפפורט,gis_osm_transport_free_1,Point,"[""pilot_boundary_osm_geofabrik_not_official""]",POINT (189948.178814 677535.741918),34.891516999511474,32.19095000063025
gen_0160,5210714010,bus_stop,קניון כפר סבא הירוקה/אנגל,gis_osm_transport_free_1,Point,"[""pilot_boundary_osm_geofabrik_not_official""]",POINT (190047.513325 677711.219093),34.89256499951156,32.192535000630166
gen_0161,5210714011,bus_stop,שלמה וחיה אנגל/מאשה ודב סקיבין,gis_osm_transport_free_1,Point,"[""pilot_boundary_osm_geofabrik_not_official""]",POINT (190087.744969 677960.168642),34.89298399951171,32.194781000629945
gen_0162,5210717220,bus_stop,קניון כפר סבא הירוקה/שד׳ מנחם בגין,gis_osm_transport_free_1,Point,"[""pilot_boundary_osm_geofabrik_not_official""]",POINT (190123.339967 677519.487021),34.893374999511394,32.19080800063038
gen_0163,5210718134,bus_stop,קניון אושילנד/עתיר ידע,gis_osm_transport_free_1,Point,"[""pilot_boundary_osm_geofabrik_not_official""]",POINT (193417.125753 674805.715504),34.92837789950844,32.16641700063504
gen_0164,5210718189,bus_stop,תחנה מרכזית כפ״ס/הורדה,gis_osm_transport_free_1,Point,"[""pilot_boundary_osm_geofabrik_not_official""]",POINT (192099.206418 675670.151081),34.914380999509476,32.17418100063338
gen_0165,5210718621,bus_stop,קניון כפר סבא הירוקה/שד׳ מנחם בגין,gis_osm_transport_free_1,Point,"[""pilot_boundary_osm_geofabrik_not_official""]",POINT (190018.434128 677569.027508),34.892260999511464,32.19125200063028
gen_0166,5210718622,bus_stop,קניון אושילנד/עתיר ידע,gis_osm_transport_free_1,Point,"[""pilot_boundary_osm_geofabrik_not_official""]",POINT (193434.404561 674698.438293),34.92856399950836,32.165450000635175
gen_0167,5210719528,bus_stop,מסוף שכונה ירוקה,gis_osm_transport_free_1,Point,"[""pilot_boundary_osm_geofabrik_not_official""]",POINT (189911.313674 678573.477409),34.89109399951217,32.20030700062925
gen_0168,5210719529,bus_stop,דמרי סנטר/ספיר,gis_osm_transport_free_1,Point,"[""pilot_boundary_osm_geofabrik_not_official""]",POINT (189797.122622 678345.703214),34.88988999951207,32.19825000062939
gen_0169,5210720857,bus_stop,משה דיין/זמנהוף,gis_osm_transport_free_1,Point,"[""pilot_boundary_osm_geofabrik_not_official""]",POINT (192687.700446 676012.459903),34.92061099950949,32.17728200063345
gen_0170,5210720858,bus_stop,משה דיין/זמנהוף,gis_osm_transport_free_1,Point,"[""pilot_boundary_osm_geofabrik_not_official""]",POINT (192692.933694 675994.148817),34.92066699950947,32.177117000633466
gen_0171,5210720859,bus_stop,משה דיין/דקל,gis_osm_transport_free_1,Point,"[""pilot_boundary_osm_geofabrik_not_official""]",POINT (192580.379233 675623.399589),34.91948399950927,32.173771000633764
gen_0172,5210721935,bus_stop,רופין/הגבורות,gis_osm_transport_free_1,Point,"[""pilot_boundary_osm_geofabrik_not_official""]",POINT (192277.97063 675260.366278),34.916287999509144,32.17049000063391
gen_0173,5322574729,bus_stop,תיכון רבין/בן יהודה,gis_osm_transport_free_1,Point,"[""pilot_boundary_osm_geofabrik_not_official""]",POINT (191911.40265 676913.655932),34.91235399951038,32.18539000063211
gen_0174,5668555509,bus_stop,דוד רמז/ויתקין,gis_osm_transport_free_1,Point,"[""pilot_boundary_osm_geofabrik_not_official""]",POINT (190796.931353 677523.216952),34.900517999511166,32.19085900063081
gen_0175,5668555519,bus_stop,אנגל/ויינברג,gis_osm_transport_free_1,Point,"[""pilot_boundary_osm_geofabrik_not_official""]",POINT (190033.165567 678291.232306),34.89239499951194,32.1977650006296
gen_0176,5675867250,bus_stop,אנגל/לונברג,gis_osm_transport_free_1,Point,"[""pilot_boundary_osm_geofabrik_not_official""]",POINT (190255.326032 678261.203405),34.89475199951184,32.19750000062976
gen_0177,5675867254,bus_stop,אנגל/אוסטרובסקי,gis_osm_transport_free_1,Point,"[""pilot_boundary_osm_geofabrik_not_official""]",POINT (190345.900229 677984.153519),34.895720999511624,32.195004000630085
gen_0178,5675867255,bus_stop,גן הברון מנשה/אנגל,gis_osm_transport_free_1,Point,"[""pilot_boundary_osm_geofabrik_not_official""]",POINT (190462.396283 678064.660925),34.896953999511645,32.19573300063009
gen_0179,5675867256,bus_stop,גן הברון מנשה/אנגל,gis_osm_transport_free_1,Point,"[""pilot_boundary_osm_geofabrik_not_official""]",POINT (190479.072573 678125.826305),34.89712899951168,32.19628500063005
gen_0180,7941723563,bus_stop,וייצמן/הגליל,gis_osm_transport_free_1,Point,"[""pilot_boundary_osm_geofabrik_not_official""]",POINT (192372.905737 675561.518549),34.9172859995093,32.17320800063368
gen_0181,,childcare,גן חרמון,osm_pbf_multipolygons,Polygon,"[""pilot_boundary_osm_geofabrik_not_official""]",POINT (191848.571865 675533.755326),34.91172755389575,32.17294490069585
gen_0182,232410368,community_centre,מרכז ספיר,gis_osm_pois_a_free_1,Polygon,"[""pilot_boundary_osm_geofabrik_not_official""]",POINT (191263.768744 676079.685651),34.905511124937,32.17785345290395
gen_0183,2521129660,community_centre,מועדון נחשון,gis_osm_pois_free_1,Point,"[""pilot_boundary_osm_geofabrik_not_official""]",POINT (191378.763162 675718.804351),34.90674099950976,32.174602000632895
gen_0184,1064176665,kindergarten,,gis_osm_pois_a_free_1,Polygon,"[""pilot_boundary_osm_geofabrik_not_official""]",POINT (193558.09062 676420.393056),34.92982868760902,32.180981000667515
gen_0185,1064176666,kindergarten,,gis_osm_pois_a_free_1,Polygon,"[""pilot_boundary_osm_geofabrik_not_official""]",POINT (193535.139719 676420.196654),34.929585335148246,32.18097870109863
gen_0186,1064176667,kindergarten,,gis_osm_pois_a_free_1,Polygon,"[""pilot_boundary_osm_geofabrik_not_official""]",POINT (193558.198106 676398.908673),34.9298304087535,32.18078726270128
gen_0187,1064176668,kindergarten,,gis_osm_pois_a_free_1,Polygon,"[""pilot_boundary_osm_geofabrik_not_official""]",POINT (193557.885472 676375.981314),34.92982771425354,32.180580502685594
gen_0188,1064176669,kindergarten,,gis_osm_pois_a_free_1,Polygon,"[""pilot_boundary_osm_geofabrik_not_official""]",POINT (193533.498222 676376.442584),34.92956911491674,32.180584100738486
gen_0189,1199404865,kindergarten,"מרווה, כרכום, נענע, דפנה",gis_osm_pois_a_free_1,Polygon,"[""pilot_boundary_osm_geofabrik_not_official""]",POINT (190125.676249 677661.866607),34.89339540841751,32.19209199639222
gen_0190,1202291191,kindergarten,,gis_osm_pois_a_free_1,Polygon,"[""pilot_boundary_osm_geofabrik_not_official""]",POINT (189933.866541 678330.10627),34.89134070144589,32.19811295089024
gen_0191,1202300166,kindergarten,,gis_osm_pois_a_free_1,Polygon,"[""pilot_boundary_osm_geofabrik_not_official""]",POINT (189793.920741 677967.033881),34.88986778902976,32.194835197776605
gen_0192,2081268901,kindergarten,גן פעמון,gis_osm_pois_free_1,Point,"[""pilot_boundary_osm_geofabrik_not_official""]",POINT (190144.882418 677214.269061),34.893612799511196,32.18805620063068
gen_0193,2081268902,kindergarten,גן צליל,gis_osm_pois_free_1,Point,"[""pilot_boundary_osm_geofabrik_not_official""]",POINT (190155.350183 677204.546764),34.89372409951118,32.18796880063071
gen_0194,2081268903,kindergarten,גן זמר,gis_osm_pois_free_1,Point,"[""pilot_boundary_osm_geofabrik_not_official""]",POINT (190186.221684 677180.593447),34.89405219951115,32.187753600630764
gen_0195,2082946746,kindergarten,גן שיר,gis_osm_pois_free_1,Point,"[""pilot_boundary_osm_geofabrik_not_official""]",POINT (190192.636139 677171.437351),34.894120499511146,32.187671200630746
gen_0196,2274198466,kindergarten,גן חלילית,gis_osm_pois_free_1,Point,"[""pilot_boundary_osm_geofabrik_not_official""]",POINT (190380.589041 677371.502471),34.89610749951121,32.18948020063069
gen_0197,2504492813,kindergarten,גן לוטוס,gis_osm_pois_free_1,Point,"[""pilot_boundary_osm_geofabrik_not_official""]",POINT (190436.901678 677208.649982),34.89670959951109,32.1880131006309
gen_0198,3139484231,kindergarten,גן לחן,gis_osm_pois_free_1,Point,"[""pilot_boundary_osm_geofabrik_not_official""]",POINT (190337.630217 677271.278543),34.89565499951115,32.188575300630745
gen_0199,3139493029,kindergarten,גן כינור,gis_osm_pois_free_1,Point,"[""pilot_boundary_osm_geofabrik_not_official""]",POINT (190341.147447 677261.343516),34.89569259951116,32.18848580063077
gen_0200,3139493129,kindergarten,גן מנגינה,gis_osm_pois_free_1,Point,"[""pilot_boundary_osm_geofabrik_not_official""]",POINT (190344.942774 677262.874038),34.895732799511165,32.188499700630764
gen_0201,3139493229,kindergarten,גן חצוצרה,gis_osm_pois_free_1,Point,"[""pilot_boundary_osm_geofabrik_not_official""]",POINT (190333.9811 677264.835041),34.89561649951116,32.188517100630754
gen_0202,3507194493,kindergarten,,gis_osm_pois_free_1,Point,"[""pilot_boundary_osm_geofabrik_not_official""]",POINT (190071.771694 677706.435822),34.89282239951154,32.19249250063018
gen_0203,396454293,kindergarten,גן רימון,gis_osm_pois_a_free_1,Polygon,"[""pilot_boundary_osm_geofabrik_not_official""]",POINT (192319.789932 676000.641736),34.91671039072125,32.17716661632402
gen_0204,398239488,kindergarten,,gis_osm_pois_a_free_1,Polygon,"[""pilot_boundary_osm_geofabrik_not_official""]",POINT (190225.617654 676832.214684),34.894480604927026,32.184613050702566
gen_0205,414496673,kindergarten,,gis_osm_pois_a_free_1,Polygon,"[""pilot_boundary_osm_geofabrik_not_official""]",POINT (193945.639759 676414.055226),34.93393819932583,32.180932700799985
gen_0206,4825057522,kindergarten,גן לעניין,gis_osm_pois_free_1,Point,"[""pilot_boundary_osm_geofabrik_not_official""]",POINT (190847.714598 676199.943139),34.90109609951027,32.17892740063209
gen_0207,4825089422,kindergarten,,gis_osm_pois_free_1,Point,"[""pilot_boundary_osm_geofabrik_not_official""]",POINT (190972.042492 676276.09837),34.90241209951027,32.179617300632096
gen_0208,4825089423,kindergarten,,gis_osm_pois_free_1,Point,"[""pilot_boundary_osm_geofabrik_not_official""]",POINT (190939.30864 676417.567627),34.90206079951038,32.180892200631945
gen_0209,4825137321,kindergarten,גן דינה,gis_osm_pois_free_1,Point,"[""pilot_boundary_osm_geofabrik_not_official""]",POINT (190790.531539 676392.902868),34.900483999510406,32.18066600063188
gen_0210,4825137322,kindergarten,הגן של דורית,gis_osm_pois_free_1,Point,"[""pilot_boundary_osm_geofabrik_not_official""]",POINT (190772.484819 676220.892473),34.90029779951032,32.17911440063204
gen_0211,4832005928,kindergarten,גן מונטסורי,gis_osm_pois_free_1,Point,"[""pilot_boundary_osm_geofabrik_not_official""]",POINT (190931.325969 676459.72936),34.90197489951041,32.18127220063191
gen_0212,4832027922,kindergarten,אלישבע שבע,gis_osm_pois_free_1,Point,"[""pilot_boundary_osm_geofabrik_not_official""]",POINT (190909.699632 676435.826227),34.9017462995104,32.1810561006319
gen_0213,4832028121,kindergarten,אגדת גן,gis_osm_pois_free_1,Point,"[""pilot_boundary_osm_geofabrik_not_official""]",POINT (190962.418087 676422.204564),34.90230569951038,32.18093460063195
gen_0214,4832028221,kindergarten,גן ניצנים,gis_osm_pois_free_1,Point,"[""pilot_boundary_osm_geofabrik_not_official""]",POINT (190939.2003 676419.286771),34.902059599510395,32.180907700631934
gen_0215,4945772122,kindergarten,"גן אפיק, יובל, מעיין, נחל",gis_osm_pois_free_1,Point,"[""pilot_boundary_osm_geofabrik_not_official""]",POINT (189946.879857 678324.041311),34.89147889951198,32.19805860062952
gen_0216,4945776022,kindergarten,גן מעיין,gis_osm_pois_free_1,Point,"[""pilot_boundary_osm_geofabrik_not_official""]",POINT (189932.433025 678317.119265),34.89132589951198,32.1979958006295
gen_0217,563223683,kindergarten,,gis_osm_pois_a_free_1,Polygon,"[""pilot_boundary_osm_geofabrik_not_official""]",POINT (189799.678286 678010.437643),34.88992750160611,32.195226750906926
gen_0218,563223686,kindergarten,ילדות בכפר,gis_osm_pois_a_free_1,Polygon,"[""pilot_boundary_osm_geofabrik_not_official""]",POINT (190126.899041 677628.860427),34.8934093878678,32.1917943888337
gen_0219,563223690,kindergarten,,gis_osm_pois_a_free_1,Polygon,"[""pilot_boundary_osm_geofabrik_not_official""]",POINT (190262.577441 678019.901205),34.89483626989054,32.195324202108544
gen_0220,9683192256,kindergarten,הבית הקסום,gis_osm_pois_free_1,Point,"[""pilot_boundary_osm_geofabrik_not_official""]",POINT (191235.135465 676083.962278),34.905207399510054,32.17789130063245
gen_0221,1064169112,park,,gis_osm_landuse_a_free_1,Polygon,"[""pilot_boundary_osm_geofabrik_not_official""]",POINT (193412.798055 676319.299479),34.92829084248452,32.1800660123844
gen_0222,1122018320,park,,gis_osm_landuse_a_free_1,Polygon,"[""pilot_boundary_osm_geofabrik_not_official""]",POINT (190236.676038 676086.593867),34.894620633002205,32.1778895496499
gen_0223,1194230278,park,,gis_osm_landuse_a_free_1,Polygon,"[""pilot_boundary_osm_geofabrik_not_official""]",POINT (194327.88797 677519.442421),34.93796230060356,32.19090938795852
gen_0224,1194230758,park,,gis_osm_landuse_a_free_1,Polygon,"[""pilot_boundary_osm_geofabrik_not_official""]",POINT (194480.878318 677478.773275),34.93958575900434,32.190546052138316
gen_0225,1194231266,park,,gis_osm_landuse_a_free_1,Polygon,"[""pilot_boundary_osm_geofabrik_not_official""]",POINT (194195.958305 677068.863371),34.93657514204403,32.18684323391522
gen_0226,1214970508,park,,gis_osm_landuse_a_free_1,Polygon,"[""pilot_boundary_osm_geofabrik_not_official""]",POINT (190962.780377 675270.641823),34.90234382024227,32.17055014054881
gen_0227,124518872,park,,gis_osm_landuse_a_free_1,Polygon,"[""pilot_boundary_osm_geofabrik_not_official""]",POINT (192697.633004 675727.966467),34.92072426723105,32.17471675084109
gen_0228,129437647,park,,gis_osm_landuse_a_free_1,Polygon,"[""pilot_boundary_osm_geofabrik_not_official""]",POINT (190137.455161 675602.459583),34.89358342140677,32.17352118561578
gen_0229,129437648,park,גן הזיכרון,gis_osm_landuse_a_free_1,Polygon,"[""pilot_boundary_osm_geofabrik_not_official""]",POINT (192333.481707 675507.0556),34.91686954939122,32.172715918890226
gen_0230,129490163,park,,gis_osm_landuse_a_free_1,Polygon,"[""pilot_boundary_osm_geofabrik_not_official""]",POINT (192102.678966 675456.268694),34.9144239288224,32.17225235087523
gen_0231,129490164,park,גן גיבורי ישראל,gis_osm_landuse_a_free_1,Polygon,"[""pilot_boundary_osm_geofabrik_not_official""]",POINT (191720.50633 675956.753843),34.91035748798627,32.17675623737263
gen_0232,129490165,park,פארק כפר סבא,gis_osm_landuse_a_free_1,Polygon,"[""pilot_boundary_osm_geofabrik_not_official""]",POINT (193070.712817 676058.643597),34.924670796533,32.177707518092724
gen_0233,129490166,park,גן אלתרמן,gis_osm_landuse_a_free_1,Polygon,"[""pilot_boundary_osm_geofabrik_not_official""]",POINT (191978.782763 675855.983202),34.91309886066872,32.175853850850295
gen_0234,129490167,park,,gis_osm_landuse_a_free_1,Polygon,"[""pilot_boundary_osm_geofabrik_not_official""]",POINT (190814.634131 675630.531425),34.90076238124441,32.173791765541914
gen_0235,130176796,park,,gis_osm_landuse_a_free_1,Polygon,"[""pilot_boundary_osm_geofabrik_not_official""]",POINT (191401.106058 675553.473713),34.906982738687006,32.173111651467856
gen_0236,130176808,park,,gis_osm_landuse_a_free_1,Polygon,"[""pilot_boundary_osm_geofabrik_not_official""]",POINT (191892.419972 675546.200339),34.91219209341576,32.17305820110648
gen_0237,130386299,park,,gis_osm_landuse_a_free_1,Polygon,"[""pilot_boundary_osm_geofabrik_not_official""]",POINT (192485.476316 675706.766385),34.91847543654569,32.17452051015272
gen_0238,130386313,park,,gis_osm_landuse_a_free_1,Polygon,"[""pilot_boundary_osm_geofabrik_not_official""]",POINT (191482.668626 676044.991255),34.90783313986658,32.17754605112542
gen_0239,131641313,park,,gis_osm_landuse_a_free_1,Polygon,"[""pilot_boundary_osm_geofabrik_not_official""]",POINT (192192.904859 675846.345811),34.91536942902344,32.17577215082389
gen_0240,137301703,park,,gis_osm_landuse_a_free_1,Polygon,"[""pilot_boundary_osm_geofabrik_not_official""]",POINT (194717.26729 676792.052777),34.94211031071756,32.18435861370703
gen_0241,137301713,park,,gis_osm_landuse_a_free_1,Polygon,"[""pilot_boundary_osm_geofabrik_not_official""]",POINT (194215.548942 676868.624038),34.93678816576848,32.185037969077456
gen_0242,137301716,park,,gis_osm_landuse_a_free_1,Polygon,"[""pilot_boundary_osm_geofabrik_not_official""]",POINT (194625.995778 676695.13806),34.94114499992419,32.18348265159783
gen_0243,1472985013,park,,gis_osm_landuse_a_free_1,Polygon,"[""pilot_boundary_osm_geofabrik_not_official""]",POINT (193128.621547 674848.828953),34.92531807393396,32.16679907744069
gen_0244,161743303,park,,gis_osm_landuse_a_free_1,Polygon,"[""pilot_boundary_osm_geofabrik_not_official""]",POINT (189942.317328 677039.795019),34.891470143002245,32.186477550803055
gen_0245,161743315,park,,gis_osm_landuse_a_free_1,Polygon,"[""pilot_boundary_osm_geofabrik_not_official""]",POINT (190446.783245 677331.618792),34.89681065639881,32.18912225086017
gen_0246,210979600,park,,gis_osm_landuse_a_free_1,Polygon,"[""pilot_boundary_osm_geofabrik_not_official""]",POINT (192711.138244 675420.987438),34.92087603511508,32.17194881555091
gen_0247,218167352,park,,gis_osm_landuse_a_free_1,Polygon,"[""pilot_boundary_osm_geofabrik_not_official""]",POINT (191901.543483 675272.434386),34.91229670449141,32.1705896762824
gen_0248,228769862,park,גן הברון מנשה,gis_osm_landuse_a_free_1,Polygon,"[""pilot_boundary_osm_geofabrik_not_official""]",POINT (190572.298973 678098.791772),34.898118496323335,32.19604361006228
gen_0249,232404691,park,,gis_osm_landuse_a_free_1,Polygon,"[""pilot_boundary_osm_geofabrik_not_official""]",POINT (192284.332386 675661.874839),34.916344052419475,32.17411085216911
gen_0250,232404693,park,גן מחסני העירייה,gis_osm_landuse_a_free_1,Polygon,"[""pilot_boundary_osm_geofabrik_not_official""]",POINT (192391.807639 676088.620229),34.91747150345956,32.177961716763114
gen_0251,232404694,park,,gis_osm_landuse_a_free_1,Polygon,"[""pilot_boundary_osm_geofabrik_not_official""]",POINT (192644.246988 676428.810255),34.92013859950369,32.181035500679585
gen_0252,232404697,park,,gis_osm_landuse_a_free_1,Polygon,"[""pilot_boundary_osm_geofabrik_not_official""]",POINT (192483.049107 675882.614246),34.9184447465605,32.176106200995655
gen_0253,232404700,park,,gis_osm_landuse_a_free_1,Polygon,"[""pilot_boundary_osm_geofabrik_not_official""]",POINT (192400.13222 676288.196816),34.91755412733079,32.17976164410842
gen_0254,232404703,park,,gis_osm_landuse_a_free_1,Polygon,"[""pilot_boundary_osm_geofabrik_not_official""]",POINT (192189.458575 675364.981293),34.91534659942651,32.171431250769594
gen_0255,232404705,park,,gis_osm_landuse_a_free_1,Polygon,"[""pilot_boundary_osm_geofabrik_not_official""]",POINT (191931.0371 675426.12999),34.9126049827057,32.171976383895924
gen_0256,232404707,park,,gis_osm_landuse_a_free_1,Polygon,"[""pilot_boundary_osm_geofabrik_not_official""]",POINT (192335.607998 675856.276487),34.91688219944204,32.17586515082565
gen_0257,232404708,park,גן המפלס,gis_osm_landuse_a_free_1,Polygon,"[""pilot_boundary_osm_geofabrik_not_official""]",POINT (192245.468756 675981.538123),34.91592290980389,32.176992550586945
gen_0258,232408780,park,,gis_osm_landuse_a_free_1,Polygon,"[""pilot_boundary_osm_geofabrik_not_official""]",POINT (191969.118618 675611.930644),34.913003401586145,32.1736528149755
gen_0259,232408783,park,,gis_osm_landuse_a_free_1,Polygon,"[""pilot_boundary_osm_geofabrik_not_official""]",POINT (191843.713121 675641.220306),34.9116729395485,32.173913871686345
gen_0260,232408785,park,,gis_osm_landuse_a_free_1,Polygon,"[""pilot_boundary_osm_geofabrik_not_official""]",POINT (192825.795865 675294.655529),34.92209518979283,32.17081230554926
gen_0261,232408787,park,,gis_osm_landuse_a_free_1,Polygon,"[""pilot_boundary_osm_geofabrik_not_official""]",POINT (192689.968096 675310.877169),34.920654660066056,32.17095536656384
gen_0262,232410358,park,,gis_osm_landuse_a_free_1,Polygon,"[""pilot_boundary_osm_geofabrik_not_official""]",POINT (191240.288863 676421.167505),34.905252099319924,32.180932250904625
gen_0263,232410359,park,גן נפגעי הטרור,gis_osm_landuse_a_free_1,Polygon,"[""pilot_boundary_osm_geofabrik_not_official""]",POINT (190914.459572 676309.140027),34.90180054944474,32.17991380173835
gen_0264,232410369,park,,gis_osm_landuse_a_free_1,Polygon,"[""pilot_boundary_osm_geofabrik_not_official""]",POINT (191207.411036 675788.743064),34.90492214949086,32.17522840081017
gen_0265,232410373,park,,gis_osm_landuse_a_free_1,Polygon,"[""pilot_boundary_osm_geofabrik_not_official""]",POINT (191252.260901 675809.510903),34.90539706808834,32.175416804231276
gen_0266,232410376,park,,gis_osm_landuse_a_free_1,Polygon,"[""pilot_boundary_osm_geofabrik_not_official""]",POINT (191085.123692 676836.838646),34.90359449949264,32.18467675111413
gen_0267,232410378,park,,gis_osm_landuse_a_free_1,Polygon,"[""pilot_boundary_osm_geofabrik_not_official""]",POINT (191262.807568 676012.981754),34.90550289845231,32.177251911809755
gen_0268,232410380,park,,gis_osm_landuse_a_free_1,Polygon,"[""pilot_boundary_osm_geofabrik_not_official""]",POINT (190848.380747 676138.236233),34.9011050072855,32.17837096234593
gen_0269,232410383,park,,gis_osm_landuse_a_free_1,Polygon,"[""pilot_boundary_osm_geofabrik_not_official""]",POINT (191200.021836 676297.724193),34.90482877758277,32.179818063903596
gen_0270,232410384,park,,gis_osm_landuse_a_free_1,Polygon,"[""pilot_boundary_osm_geofabrik_not_official""]",POINT (190765.650776 676166.11968),34.90022697901891,32.178620301096366
gen_0271,232410481,park,,gis_osm_landuse_a_free_1,Polygon,"[""pilot_boundary_osm_geofabrik_not_official""]",POINT (190811.747446 675823.325737),34.90072600589181,32.17553025705218
gen_0272,232411201,park,,gis_osm_landuse_a_free_1,Polygon,"[""pilot_boundary_osm_geofabrik_not_official""]",POINT (190456.403604 676158.157324),34.89694824002909,32.178540571967254
gen_0273,232411206,park,,gis_osm_landuse_a_free_1,Polygon,"[""pilot_boundary_osm_geofabrik_not_official""]",POINT (190627.359642 675638.495445),34.89877655484321,32.17385880163331
gen_0274,232412573,park,,gis_osm_landuse_a_free_1,Polygon,"[""pilot_boundary_osm_geofabrik_not_official""]",POINT (190913.540679 677533.460487),34.90175428056195,32.190954338854716
gen_0275,232746640,park,,gis_osm_landuse_a_free_1,Polygon,"[""pilot_boundary_osm_geofabrik_not_official""]",POINT (191073.63279 675731.002965),34.9035054485249,32.17470435096316
gen_0276,232761672,park,,gis_osm_landuse_a_free_1,Polygon,"[""pilot_boundary_osm_geofabrik_not_official""]",POINT (192659.895823 675625.05231),34.92032703300517,32.17378780033764
gen_0277,233094217,park,,gis_osm_landuse_a_free_1,Polygon,"[""pilot_boundary_osm_geofabrik_not_official""]",POINT (190902.154093 675409.670152),34.90169690343799,32.171802323558296
gen_0278,235260417,park,,gis_osm_landuse_a_free_1,Polygon,"[""pilot_boundary_osm_geofabrik_not_official""]",POINT (194188.735977 677328.612362),34.93649169504273,32.18918541758243
gen_0279,235475122,park,,gis_osm_landuse_a_free_1,Polygon,"[""pilot_boundary_osm_geofabrik_not_official""]",POINT (191816.709383 676313.884635),34.91136720587435,32.179979110658316
gen_0280,235475125,park,,gis_osm_landuse_a_free_1,Polygon,"[""pilot_boundary_osm_geofabrik_not_official""]",POINT (191237.019615 676752.015655),34.90520767724859,32.18391566222025
gen_0281,235957072,park,גן אברהם קרן,gis_osm_landuse_a_free_1,Polygon,"[""pilot_boundary_osm_geofabrik_not_official""]",POINT (190051.073542 676616.283765),34.892636411016085,32.18266130210101
gen_0282,237392048,park,,gis_osm_landuse_a_free_1,Polygon,"[""pilot_boundary_osm_geofabrik_not_official""]",POINT (191774.242051 675443.338234),34.910942089410064,32.17212771811384
gen_0283,295021750,park,,gis_osm_landuse_a_free_1,Polygon,"[""pilot_boundary_osm_geofabrik_not_official""]",POINT (190310.082392 676530.02047),34.89538545693333,32.18189014454101
gen_0284,295023155,park,,gis_osm_landuse_a_free_1,Polygon,"[""pilot_boundary_osm_geofabrik_not_official""]",POINT (190147.19915 676409.924749),34.89366200603043,32.18080292585487
gen_0285,295023158,park,,gis_osm_landuse_a_free_1,Polygon,"[""pilot_boundary_osm_geofabrik_not_official""]",POINT (190277.686576 676278.143655),34.89504962848109,32.179617953910025
gen_0286,295023672,park,,gis_osm_landuse_a_free_1,Polygon,"[""pilot_boundary_osm_geofabrik_not_official""]",POINT (190179.613128 676483.544682),34.894003450568796,32.181467652474296
gen_0287,299607001,park,,gis_osm_landuse_a_free_1,Polygon,"[""pilot_boundary_osm_geofabrik_not_official""]",POINT (193023.501797 675294.99906),34.924191302997016,32.17082006326981
gen_0288,349439375,park,,gis_osm_landuse_a_free_1,Polygon,"[""pilot_boundary_osm_geofabrik_not_official""]",POINT (193843.610802 676111.220699),34.932864449513914,32.178199500691875
gen_0289,36828145,park,גן הקטר,gis_osm_landuse_a_free_1,Polygon,"[""pilot_boundary_osm_geofabrik_not_official""]",POINT (192540.597993 676255.374968),34.919044445104014,32.17946903422047
gen_0290,399648929,park,,gis_osm_landuse_a_free_1,Polygon,"[""pilot_boundary_osm_geofabrik_not_official""]",POINT (194124.608752 676152.337822),34.93584280796679,32.178576644598245
gen_0291,400025365,park,,gis_osm_landuse_a_free_1,Polygon,"[""pilot_boundary_osm_geofabrik_not_official""]",POINT (194362.991361 676530.701313),34.93836049036699,32.18199396928105
gen_0292,400053144,park,,gis_osm_landuse_a_free_1,Polygon,"[""pilot_boundary_osm_geofabrik_not_official""]",POINT (193362.102513 677041.97751),34.92773359431046,32.18658175224053
gen_0293,404613899,park,,gis_osm_landuse_a_free_1,Polygon,"[""pilot_boundary_osm_geofabrik_not_official""]",POINT (193870.60251 676386.752055),34.933143278872784,32.180684784314884
gen_0294,404613900,park,,gis_osm_landuse_a_free_1,Polygon,"[""pilot_boundary_osm_geofabrik_not_official""]",POINT (193703.53916 676662.362569),34.93136442606074,32.18316635536818
gen_0295,404613901,park,,gis_osm_landuse_a_free_1,Polygon,"[""pilot_boundary_osm_geofabrik_not_official""]",POINT (193693.635612 676142.894394),34.9312733967903,32.17848170241514
gen_0296,414496675,park,,gis_osm_landuse_a_free_1,Polygon,"[""pilot_boundary_osm_geofabrik_not_official""]",POINT (193986.376085 676397.72969),34.934370577666904,32.180786404214494
gen_0297,414496679,park,,gis_osm_landuse_a_free_1,Polygon,"[""pilot_boundary_osm_geofabrik_not_official""]",POINT (193970.1883 676473.676037),34.934196909645344,32.181470901839994
gen_0298,448311963,park,,gis_osm_landuse_a_free_1,Polygon,"[""pilot_boundary_osm_geofabrik_not_official""]",POINT (192853.102011 676191.872442),34.92235976086966,32.178903816894206
gen_0299,559524640,park,Trumpeldor Garden,gis_osm_landuse_a_free_1,Polygon,"[""pilot_boundary_osm_geofabrik_not_official""]",POINT (191270.788289 675311.448489),34.905608173147044,32.170925878274915
gen_0300,641701618,park,,gis_osm_landuse_a_free_1,Polygon,"[""pilot_boundary_osm_geofabrik_not_official""]",POINT (190005.095335 676846.217307),34.89214180054828,32.18473357101774
gen_0301,641703934,park,,gis_osm_landuse_a_free_1,Polygon,"[""pilot_boundary_osm_geofabrik_not_official""]",POINT (190239.167537 677347.529001),34.894608547103836,32.189260350812795
gen_0302,641703935,park,,gis_osm_landuse_a_free_1,Polygon,"[""pilot_boundary_osm_geofabrik_not_official""]",POINT (190135.768346 677153.991918),34.893517999615284,32.187512402254235
gen_0303,643149769,park,,gis_osm_landuse_a_free_1,Polygon,"[""pilot_boundary_osm_geofabrik_not_official""]",POINT (190059.493127 677584.455848),34.892695938082866,32.191392202453535
gen_0304,643162727,park,,gis_osm_landuse_a_free_1,Polygon,"[""pilot_boundary_osm_geofabrik_not_official""]",POINT (190722.2156 678064.611352),34.89970940813649,32.195739222252755
gen_0305,643162731,park,,gis_osm_landuse_a_free_1,Polygon,"[""pilot_boundary_osm_geofabrik_not_official""]",POINT (190321.159128 678121.359531),34.89545443968741,32.196240640516564
gen_0306,643162734,park,,gis_osm_landuse_a_free_1,Polygon,"[""pilot_boundary_osm_geofabrik_not_official""]",POINT (190055.278548 678147.00695),34.892633949434334,32.19646500086295
gen_0307,643162736,park,,gis_osm_landuse_a_free_1,Polygon,"[""pilot_boundary_osm_geofabrik_not_official""]",POINT (189884.162699 678007.258178),34.89082355903398,32.19520030425203
gen_0308,643162744,park,,gis_osm_landuse_a_free_1,Polygon,"[""pilot_boundary_osm_geofabrik_not_official""]",POINT (190562.024034 678257.256498),34.89800474085611,32.19747233115616
gen_0309,643163141,park,,gis_osm_landuse_a_free_1,Polygon,"[""pilot_boundary_osm_geofabrik_not_official""]",POINT (190214.015804 678140.568476),34.894317581829306,32.19641107969897
gen_0310,643163142,park,,gis_osm_landuse_a_free_1,Polygon,"[""pilot_boundary_osm_geofabrik_not_official""]",POINT (190221.040471 678052.590359),34.894394769365555,32.19561790353452
gen_0311,643163143,park,,gis_osm_landuse_a_free_1,Polygon,"[""pilot_boundary_osm_geofabrik_not_official""]",POINT (190217.144561 678190.97385),34.89434922149315,32.19686570071069
gen_0312,66215797,park,גן המגינים,gis_osm_landuse_a_free_1,Polygon,"[""pilot_boundary_osm_geofabrik_not_official""]",POINT (190641.409166 676182.475624),34.898909139582386,32.17876461983306
gen_0313,753552706,park,Kdoshei Kahir Park,gis_osm_landuse_a_free_1,Polygon,"[""pilot_boundary_osm_geofabrik_not_official""]",POINT (190548.390252 677011.876209),34.89789779192393,32.186241524508226
gen_0314,77766967,park,,gis_osm_landuse_a_free_1,Polygon,"[""pilot_boundary_osm_geofabrik_not_official""]",POINT (192612.314602 676209.848383),34.919806149347245,32.179060200944846
gen_0315,84532029,park,,gis_osm_landuse_a_free_1,Polygon,"[""pilot_boundary_osm_geofabrik_not_official""]",POINT (193909.19517 676924.510112),34.93353813393688,32.18553501986253
gen_0316,84532036,park,,gis_osm_landuse_a_free_1,Polygon,"[""pilot_boundary_osm_geofabrik_not_official""]",POINT (193671.706868 676859.260457),34.93102158110441,32.18494119831475
gen_0317,866648870,park,,gis_osm_landuse_a_free_1,Polygon,"[""pilot_boundary_osm_geofabrik_not_official""]",POINT (190395.656818 678035.139556),34.89624711880867,32.19546506354813
gen_0318,866648871,park,,gis_osm_landuse_a_free_1,Polygon,"[""pilot_boundary_osm_geofabrik_not_official""]",POINT (190408.094278 678164.141778),34.896375099980176,32.19662868628705
gen_0319,877925343,park,גן דלפט,gis_osm_landuse_a_free_1,Polygon,"[""pilot_boundary_osm_geofabrik_not_official""]",POINT (191750.281626 675274.384841),34.91069294149214,32.17060355214904
gen_0320,883116424,park,,gis_osm_landuse_a_free_1,Polygon,"[""pilot_boundary_osm_geofabrik_not_official""]",POINT (190140.180536 677133.907303),34.89356540254418,32.187331400314065
gen_0321,883116425,park,,gis_osm_landuse_a_free_1,Polygon,"[""pilot_boundary_osm_geofabrik_not_official""]",POINT (190159.251812 677153.854493),34.89376702558215,32.18751177482967
gen_0322,886639227,park,,gis_osm_landuse_a_free_1,Polygon,"[""pilot_boundary_osm_geofabrik_not_official""]",POINT (190419.991131 677178.48553),34.896531192399216,32.18774065037151
gen_0323,969908611,park,,gis_osm_landuse_a_free_1,Polygon,"[""pilot_boundary_osm_geofabrik_not_official""]",POINT (193580.055497 676400.15356),34.93006213745147,32.18079899160536
gen_0324,1060270914,playground,,gis_osm_pois_a_free_1,Polygon,"[""pilot_boundary_osm_geofabrik_not_official""]",POINT (191874.034834 675548.262935),34.91199710603995,32.173076350665895
gen_0325,1064176672,playground,,gis_osm_pois_a_free_1,Polygon,"[""pilot_boundary_osm_geofabrik_not_official""]",POINT (193579.756573 676360.150819),34.9300600495106,32.180438250649054
gen_0326,1064180911,playground,,gis_osm_pois_a_free_1,Polygon,"[""pilot_boundary_osm_geofabrik_not_official""]",POINT (193491.368882 676599.51655),34.9291163495027,32.18259475066258
gen_0327,1069654196,playground,,gis_osm_pois_a_free_1,Polygon,"[""pilot_boundary_osm_geofabrik_not_official""]",POINT (191440.671348 675337.228983),34.9074085566923,32.17116260071129
gen_0328,1334229173,playground,,gis_osm_pois_a_free_1,Polygon,"[""pilot_boundary_osm_geofabrik_not_official""]",POINT (190954.747008 676479.296042),34.90222265975495,32.18144924081366
gen_0329,1334229211,playground,,gis_osm_pois_a_free_1,Polygon,"[""pilot_boundary_osm_geofabrik_not_official""]",POINT (191176.618864 676321.2746),34.90457993409128,32.180029846856606
gen_0330,1385637203,playground,,gis_osm_pois_free_1,Point,"[""pilot_boundary_osm_geofabrik_not_official""]",POINT (192212.557706 675449.447129),34.91558909950929,32.17219350063368
gen_0331,1385646707,playground,גן אלתרמן,gis_osm_pois_free_1,Point,"[""pilot_boundary_osm_geofabrik_not_official""]",POINT (191991.614945 675894.954945),34.91323379950967,32.17620560063311
gen_0332,1536822421,playground,,gis_osm_pois_free_1,Point,"[""pilot_boundary_osm_geofabrik_not_official""]",POINT (192384.800252 676272.608103),34.91739199950977,32.179620700633
gen_0333,2211335821,playground,,gis_osm_pois_free_1,Point,"[""pilot_boundary_osm_geofabrik_not_official""]",POINT (192453.921709 675663.323883),34.91814209950933,32.17412800063364
gen_0334,2211335826,playground,,gis_osm_pois_free_1,Point,"[""pilot_boundary_osm_geofabrik_not_official""]",POINT (192351.533255 675851.06078),34.91705119950952,32.1758185006334
gen_0335,2211347517,playground,,gis_osm_pois_free_1,Point,"[""pilot_boundary_osm_geofabrik_not_official""]",POINT (192289.321562 675667.200793),34.91639679950941,32.17415900063352
gen_0336,232411200,playground,,gis_osm_pois_a_free_1,Polygon,"[""pilot_boundary_osm_geofabrik_not_official""]",POINT (190363.874459 675602.578797),34.89598403093992,32.17352813580736
gen_0337,2504492814,playground,,gis_osm_pois_free_1,Point,"[""pilot_boundary_osm_geofabrik_not_official""]",POINT (190419.696657 677177.504998),34.896528099511066,32.18773180063091
gen_0338,2561216873,playground,,gis_osm_pois_free_1,Point,"[""pilot_boundary_osm_geofabrik_not_official""]",POINT (190142.517979 677691.548845),34.893573099511514,32.19236010063023
gen_0339,2561216877,playground,,gis_osm_pois_free_1,Point,"[""pilot_boundary_osm_geofabrik_not_official""]",POINT (190128.144999 677893.038962),34.89341449951165,32.19417670063004
gen_0340,3386770470,playground,,gis_osm_pois_free_1,Point,"[""pilot_boundary_osm_geofabrik_not_official""]",POINT (189886.457384 676218.001893),34.890903199510625,32.17906540063148
gen_0341,3507078393,playground,,gis_osm_pois_free_1,Point,"[""pilot_boundary_osm_geofabrik_not_official""]",POINT (190293.576432 678115.512694),34.89516209951174,32.19618720062993
gen_0342,3514907876,playground,,gis_osm_pois_free_1,Point,"[""pilot_boundary_osm_geofabrik_not_official""]",POINT (189972.932566 677782.340733),34.89177189951164,32.19317440063006
gen_0343,3750130877,playground,,gis_osm_pois_free_1,Point,"[""pilot_boundary_osm_geofabrik_not_official""]",POINT (190095.512929 678197.23589),34.893059099511866,32.196919000629705
gen_0344,3770194008,playground,,gis_osm_pois_free_1,Point,"[""pilot_boundary_osm_geofabrik_not_official""]",POINT (190452.023527 677883.191718),34.896849499511525,32.19409630063026
gen_0345,414496674,playground,,gis_osm_pois_a_free_1,Polygon,"[""pilot_boundary_osm_geofabrik_not_official""]",POINT (193964.289504 676406.572995),34.93413614947229,32.18086565066442
gen_0346,427010429,playground,,gis_osm_pois_free_1,Point,"[""pilot_boundary_osm_geofabrik_not_official""]",POINT (192599.727643 676202.296594),34.91967289950965,32.17899180063323
gen_0347,452934761,playground,,gis_osm_pois_a_free_1,Polygon,"[""pilot_boundary_osm_geofabrik_not_official""]",POINT (193352.805518 677046.071496),34.92763489675824,32.1866184549879
gen_0348,4790338954,playground,,gis_osm_pois_free_1,Point,"[""pilot_boundary_osm_geofabrik_not_official""]",POINT (194097.73547 676113.3659),34.93555889950904,32.17822460063426
gen_0349,489126576,playground,,gis_osm_pois_a_free_1,Polygon,"[""pilot_boundary_osm_geofabrik_not_official""]",POINT (192923.627168 675516.487767),34.92312627145365,32.17281504149311
gen_0350,516605128,playground,,gis_osm_pois_a_free_1,Polygon,"[""pilot_boundary_osm_geofabrik_not_official""]",POINT (193699.128254 676478.570232),34.93132260149835,32.181508864236626
gen_0351,6053183513,playground,,gis_osm_pois_free_1,Point,"[""pilot_boundary_osm_geofabrik_not_official""]",POINT (190060.464459 678164.812436),34.892688399511854,32.19662570062974
gen_0352,6053183520,playground,,gis_osm_pois_free_1,Point,"[""pilot_boundary_osm_geofabrik_not_official""]",POINT (190059.60005 678136.603699),34.89268009951183,32.196371300629785
gen_0353,641699293,playground,,gis_osm_pois_a_free_1,Polygon,"[""pilot_boundary_osm_geofabrik_not_official""]",POINT (190134.327843 677177.494661),34.89350200394337,32.18772430526364
gen_0354,641699298,playground,,gis_osm_pois_a_free_1,Polygon,"[""pilot_boundary_osm_geofabrik_not_official""]",POINT (190112.620021 677155.988126),34.893272470509544,32.187529799869544
gen_0355,844599671,playground,,gis_osm_pois_a_free_1,Polygon,"[""pilot_boundary_osm_geofabrik_not_official""]",POINT (193978.46586 676268.043683),34.934290155041005,32.17961675071315
gen_0356,844599673,playground,,gis_osm_pois_a_free_1,Polygon,"[""pilot_boundary_osm_geofabrik_not_official""]",POINT (193848.952218 676338.593228),34.932915001312175,32.180250008210756
gen_0357,856901180,playground,,gis_osm_pois_a_free_1,Polygon,"[""pilot_boundary_osm_geofabrik_not_official""]",POINT (190128.426821 675637.897876),34.893486612643784,32.173840522815944
gen_0358,8626128876,playground,,gis_osm_pois_free_1,Point,"[""pilot_boundary_osm_geofabrik_not_official""]",POINT (192285.183244 675985.074546),34.91634389950962,32.177025400633234
gen_0359,893689887,playground,,gis_osm_pois_a_free_1,Polygon,"[""pilot_boundary_osm_geofabrik_not_official""]",POINT (193133.356204 676555.636876),34.92532133592413,32.18219073702838
gen_0360,894686536,playground,,gis_osm_pois_a_free_1,Polygon,"[""pilot_boundary_osm_geofabrik_not_official""]",POINT (191148.557497 676070.226036),34.90428981724769,32.177765256585786
gen_0361,947566330,playground,,gis_osm_pois_a_free_1,Polygon,"[""pilot_boundary_osm_geofabrik_not_official""]",POINT (190567.135524 678243.170641),34.89805937527115,32.19734544067294
gen_0362,9678161511,playground,,gis_osm_pois_free_1,Point,"[""pilot_boundary_osm_geofabrik_not_official""]",POINT (192486.431453 675698.3904),34.91848579950937,32.174445000633604
gen_0363,131641047,recreation_ground,ספורטק,gis_osm_landuse_a_free_1,Polygon,"[""pilot_boundary_osm_geofabrik_not_official""]",POINT (193529.392252 676618.485119),34.929519019970165,32.18276668091691
gen_0364,1038072099,school,"תיכון טכנולוגי אורט ע""ש יצחק שמיר",gis_osm_pois_a_free_1,Polygon,"[""pilot_boundary_osm_geofabrik_not_official""]",POINT (192928.821465 675312.97688),34.92318698265659,32.170979955385874
gen_0365,1219588375,school,מרכז ספורט אלון,gis_osm_pois_free_1,Point,"[""pilot_boundary_osm_geofabrik_not_official""]",POINT (190412.849958 675885.854534),34.896494699510214,32.17608390063212
gen_0366,1227803114,school,"חטיבת הביניים ע""ש יורם טהרלב",gis_osm_pois_a_free_1,Polygon,"[""pilot_boundary_osm_geofabrik_not_official""]",POINT (189890.625729 677342.183841),34.89091265909721,32.18920304276046
gen_0367,129489690,school,אולפנת בני עקיבא,gis_osm_pois_a_free_1,Polygon,"[""pilot_boundary_osm_geofabrik_not_official""]",POINT (192087.336833 675222.410788),34.91426795074443,32.17014310924118
gen_0368,130176812,school,,gis_osm_pois_a_free_1,Polygon,"[""pilot_boundary_osm_geofabrik_not_official""]",POINT (191759.42535 676866.087381),34.91074382407883,32.18495730989354
gen_0369,132204253,school,,gis_osm_pois_a_free_1,Polygon,"[""pilot_boundary_osm_geofabrik_not_official""]",POINT (190421.752476 676018.972923),34.89658505316006,32.177284553749686
gen_0370,185955241,school,"בי""ס אוסישקין",gis_osm_pois_a_free_1,Polygon,"[""pilot_boundary_osm_geofabrik_not_official""]",POINT (191455.530957 675248.471953),34.90756869772421,32.170362583473995
gen_0371,232408782,school,בית ספר יצחק שדה,gis_osm_pois_a_free_1,Polygon,"[""pilot_boundary_osm_geofabrik_not_official""]",POINT (192414.966452 675353.834443),34.91773781421101,32.171336171363734
gen_0372,232411199,school,חטיבת שרת,gis_osm_pois_a_free_1,Polygon,"[""pilot_boundary_osm_geofabrik_not_official""]",POINT (190415.178508 675494.174012),34.89653127132622,32.17255189694017
gen_0373,232411203,school,"חטיבת שז""ר",gis_osm_pois_a_free_1,Polygon,"[""pilot_boundary_osm_geofabrik_not_official""]",POINT (190433.304416 675561.240569),34.89672141624478,32.173157151779776
gen_0374,232412567,school,פנימיית עלומים,gis_osm_pois_a_free_1,Polygon,"[""pilot_boundary_osm_geofabrik_not_official""]",POINT (192605.786843 675975.54094),34.91974350763908,32.1769471239698
gen_0375,232412569,school,בית ספר גורדון,gis_osm_pois_a_free_1,Polygon,"[""pilot_boundary_osm_geofabrik_not_official""]",POINT (192514.761828 676066.87805),34.91877580466698,32.17776860196911
gen_0376,236166324,school,,gis_osm_pois_a_free_1,Polygon,"[""pilot_boundary_osm_geofabrik_not_official""]",POINT (190577.175847 676893.779994),34.898206598821815,32.18517730741689
gen_0377,236166329,school,"בית ספר יסודי ע""ש סורקיס",gis_osm_pois_a_free_1,Polygon,"[""pilot_boundary_osm_geofabrik_not_official""]",POINT (190789.179919 676996.053599),34.90045159721371,32.18610500250558
gen_0378,249533638,school,"בית ספר ש""י עגנון",gis_osm_pois_a_free_1,Polygon,"[""pilot_boundary_osm_geofabrik_not_official""]",POINT (189869.04524 677783.272855),34.890670167901455,32.193180078039035
gen_0379,394617593,school,,gis_osm_pois_a_free_1,Polygon,"[""pilot_boundary_osm_geofabrik_not_official""]",POINT (192268.845564 676207.846423),34.91616434401088,32.179033902052254
gen_0380,396196712,school,,gis_osm_pois_a_free_1,Polygon,"[""pilot_boundary_osm_geofabrik_not_official""]",POINT (190437.430568 676021.646503),34.896751206110864,32.17730906770948
gen_0381,396196716,school,,gis_osm_pois_a_free_1,Polygon,"[""pilot_boundary_osm_geofabrik_not_official""]",POINT (190390.667629 675884.69282),34.89625953978074,32.17607285195998
gen_0382,396196731,school,,gis_osm_pois_a_free_1,Polygon,"[""pilot_boundary_osm_geofabrik_not_official""]",POINT (190077.916982 675722.880107),34.892948471650676,32.174605550935624
gen_0383,396196810,school,,gis_osm_pois_a_free_1,Polygon,"[""pilot_boundary_osm_geofabrik_not_official""]",POINT (190107.626215 675702.580697),34.89326409017073,32.174423271779226
gen_0384,397366676,school,,gis_osm_pois_a_free_1,Polygon,"[""pilot_boundary_osm_geofabrik_not_official""]",POINT (191564.25992 676877.850231),34.908673976105696,32.18505856230948
gen_0385,397847647,school,בן גוריון,gis_osm_pois_a_free_1,Polygon,"[""pilot_boundary_osm_geofabrik_not_official""]",POINT (191040.403404 676567.283468),34.90312829916961,32.18224485241897
gen_0386,452934757,school,בית ספר יסודי דבורה עומר,gis_osm_pois_a_free_1,Polygon,"[""pilot_boundary_osm_geofabrik_not_official""]",POINT (193304.971888 676828.277213),34.927133619222154,32.18465333517367
gen_0387,5173163226,school,תיכון רבין,gis_osm_pois_free_1,Point,"[""pilot_boundary_osm_geofabrik_not_official""]",POINT (191872.811526 676843.709767),34.91194679951034,32.18475830063213
gen_0388,641701620,school,רחל המשוררת,gis_osm_pois_a_free_1,Polygon,"[""pilot_boundary_osm_geofabrik_not_official""]",POINT (189940.980488 677409.89099),34.891444548117455,32.189814927241486
gen_0389,641703939,school,בית הספר הירוק,gis_osm_pois_a_free_1,Polygon,"[""pilot_boundary_osm_geofabrik_not_official""]",POINT (190151.249284 677436.150299),34.89367351749564,32.19005722333232
gen_0390,643157150,school,בית ספר לאה גולדברג,gis_osm_pois_a_free_1,Polygon,"[""pilot_boundary_osm_geofabrik_not_official""]",POINT (189826.063093 678209.877645),34.89020113309496,32.19702593242934
gen_0391,9627577509,school,בית ספר גוונים,gis_osm_pois_free_1,Point,"[""pilot_boundary_osm_geofabrik_not_official""]",POINT (192324.233931 676117.43137),34.91675419950969,32.17821990063313
